{
  "users": {
    "6283117190495@s.whatsapp.net": {
      "hitcmd": 59,
      "bits": 0,
      "afkTime": -1,
      "limit": 270,
      "afkReason": ""
    },
    "6289531639634@s.whatsapp.net": {
      "pc": 1734513502064
    },
    "6283873560515@s.whatsapp.net": {
      "pc": 1734872816462,
      "hitcmd": 0,
      "bits": 0,
      "afkTime": -1,
      "limit": 270,
      "afkReason": ""
    },
    "6283123448708@s.whatsapp.net": {
      "pc": 1737815233876,
      "hitcmd": 75,
      "bits": 0,
      "afkTime": -1,
      "limit": 270,
      "afkReason": ""
    },
    "6283182029456@s.whatsapp.net": {
      "pc": 1735060229159
    },
    "6283847334166@s.whatsapp.net": {
      "hitcmd": 0,
      "bits": 0,
      "afkTime": -1,
      "limit": 271,
      "afkReason": ""
    },
    "6283833782677@s.whatsapp.net": {
      "hitcmd": 0,
      "bits": 0,
      "afkTime": -1,
      "limit": 271,
      "afkReason": ""
    },
    "62881010202892@s.whatsapp.net": {
      "hitcmd": 0,
      "bits": 0,
      "afkTime": -1,
      "limit": 271,
      "afkReason": ""
    },
    "6281351692548@s.whatsapp.net": {
      "hitcmd": 0,
      "bits": 0,
      "afkTime": -1,
      "limit": 271,
      "afkReason": "",
      "pc": 1737726139076
    },
    "6289604810003@s.whatsapp.net": {
      "hitcmd": 2,
      "bits": 0,
      "afkTime": -1,
      "limit": 271,
      "afkReason": "",
      "pc": 1737531336840
    },
    "6282174694014@s.whatsapp.net": {
      "hitcmd": 0,
      "bits": 0,
      "afkTime": -1,
      "limit": 271,
      "afkReason": "",
      "pc": 1737721920878
    },
    "120363376187287513@newsletter": {
      "hitcmd": 0,
      "bits": 0,
      "afkTime": -1,
      "limit": 271,
      "afkReason": "",
      "pc": 1737821181199
    },
    "94764497078@s.whatsapp.net": {
      "hitcmd": 156,
      "bits": 0,
      "afkTime": -1,
      "limit": 271,
      "afkReason": ""
    },
    "94768844616@s.whatsapp.net": {
      "hitcmd": 2,
      "bits": 0,
      "afkTime": -1,
      "limit": 271,
      "afkReason": "",
      "pc": 1740904696444
    },
    "94715170889@s.whatsapp.net": {
      "hitcmd": 0,
      "bits": 0,
      "afkTime": -1,
      "limit": 271,
      "afkReason": ""
    },
    "94705209559@s.whatsapp.net": {
      "hitcmd": 0,
      "bits": 0,
      "afkTime": -1,
      "limit": 271,
      "afkReason": ""
    },
    "120363160167502011@newsletter": {
      "hitcmd": 0,
      "bits": 0,
      "afkTime": -1,
      "limit": 271,
      "afkReason": "",
      "pc": 1740897290625
    },
    "94788595269@s.whatsapp.net": {
      "hitcmd": 0,
      "bits": 0,
      "afkTime": -1,
      "limit": 271,
      "afkReason": ""
    },
    "120363285813931317@newsletter": {
      "hitcmd": 0,
      "bits": 0,
      "afkTime": -1,
      "limit": 271,
      "afkReason": ""
    },
    "120363398453636721@newsletter": {
      "hitcmd": 2,
      "bits": 0,
      "afkTime": -1,
      "limit": 271,
      "afkReason": "",
      "pc": 1740897671262
    },
    "94751813875@s.whatsapp.net": {
      "hitcmd": 0,
      "bits": 0,
      "afkTime": -1,
      "limit": 271,
      "afkReason": ""
    },
    "94729585770@s.whatsapp.net": {
      "hitcmd": 0,
      "bits": 0,
      "afkTime": -1,
      "limit": 271,
      "afkReason": ""
    },
    "94757118348@s.whatsapp.net": {
      "hitcmd": 0,
      "bits": 0,
      "afkTime": -1,
      "limit": 271,
      "afkReason": ""
    },
    "94764681652@s.whatsapp.net": {
      "hitcmd": 0,
      "bits": 0,
      "afkTime": -1,
      "limit": 271,
      "afkReason": ""
    },
    "923037374017@s.whatsapp.net": {
      "hitcmd": 0,
      "bits": 0,
      "afkTime": -1,
      "limit": 271,
      "afkReason": ""
    },
    "94768002238@s.whatsapp.net": {
      "hitcmd": 0,
      "bits": 0,
      "afkTime": -1,
      "limit": 271,
      "afkReason": ""
    },
    "120363183696686259@newsletter": {
      "hitcmd": 0,
      "bits": 0,
      "afkTime": -1,
      "limit": 271,
      "afkReason": ""
    },
    "94741671668@s.whatsapp.net": {
      "hitcmd": 0,
      "bits": 0,
      "afkTime": -1,
      "limit": 271,
      "afkReason": ""
    },
    "94706042889@s.whatsapp.net": {
      "hitcmd": 0,
      "bits": 0,
      "afkTime": -1,
      "limit": 271,
      "afkReason": ""
    },
    "94762127592@s.whatsapp.net": {
      "hitcmd": 0,
      "bits": 0,
      "afkTime": -1,
      "limit": 271,
      "afkReason": ""
    },
    "94756857260@s.whatsapp.net": {
      "hitcmd": 0,
      "bits": 0,
      "afkTime": -1,
      "limit": 271,
      "afkReason": ""
    },
    "94741600163@s.whatsapp.net": {
      "hitcmd": 0,
      "bits": 0,
      "afkTime": -1,
      "limit": 271,
      "afkReason": ""
    },
    "94741274199@s.whatsapp.net": {
      "hitcmd": 0,
      "bits": 0,
      "afkTime": -1,
      "limit": 271,
      "afkReason": "",
      "pc": 1740898786056
    },
    "94771736413@s.whatsapp.net": {
      "hitcmd": 0,
      "bits": 0,
      "afkTime": -1,
      "limit": 271,
      "afkReason": ""
    },
    "94711035780@s.whatsapp.net": {
      "hitcmd": 0,
      "bits": 0,
      "afkTime": -1,
      "limit": 271,
      "afkReason": ""
    },
    "94786548298@s.whatsapp.net": {
      "hitcmd": 0,
      "bits": 0,
      "afkTime": -1,
      "limit": 271,
      "afkReason": ""
    },
    "120363290448968237@newsletter": {
      "hitcmd": 0,
      "bits": 0,
      "afkTime": -1,
      "limit": 271,
      "afkReason": "",
      "pc": 1740899334736
    },
    "94764794210@s.whatsapp.net": {
      "hitcmd": 0,
      "bits": 0,
      "afkTime": -1,
      "limit": 271,
      "afkReason": ""
    },
    "94760902046@s.whatsapp.net": {
      "hitcmd": 0,
      "bits": 0,
      "afkTime": -1,
      "limit": 271,
      "afkReason": ""
    },
    "120363364118513292@newsletter": {
      "hitcmd": 0,
      "bits": 0,
      "afkTime": -1,
      "limit": 271,
      "afkReason": "",
      "pc": 1740899582945
    },
    "94779231232@s.whatsapp.net": {
      "hitcmd": 0,
      "bits": 0,
      "afkTime": -1,
      "limit": 271,
      "afkReason": "",
      "pc": 1740899626599
    },
    "120363363009408737@newsletter": {
      "hitcmd": 0,
      "bits": 0,
      "afkTime": -1,
      "limit": 271,
      "afkReason": "",
      "pc": 1740899645301
    },
    "94771470396@s.whatsapp.net": {
      "hitcmd": 0,
      "bits": 0,
      "afkTime": -1,
      "limit": 271,
      "afkReason": ""
    },
    "120363383930362320@newsletter": {
      "hitcmd": 0,
      "bits": 0,
      "afkTime": -1,
      "limit": 271,
      "afkReason": "",
      "pc": 1740900818736
    },
    "94761634482@s.whatsapp.net": {
      "hitcmd": 0,
      "bits": 0,
      "afkTime": -1,
      "limit": 271,
      "afkReason": ""
    },
    "94717948261@s.whatsapp.net": {
      "hitcmd": 0,
      "bits": 0,
      "afkTime": -1,
      "limit": 271,
      "afkReason": ""
    },
    "94784901173@s.whatsapp.net": {
      "hitcmd": 0,
      "bits": 0,
      "afkTime": -1,
      "limit": 271,
      "afkReason": ""
    },
    "94756202055@s.whatsapp.net": {
      "hitcmd": 0,
      "bits": 0,
      "afkTime": -1,
      "limit": 271,
      "afkReason": ""
    },
    "94753262213@s.whatsapp.net": {
      "hitcmd": 0,
      "bits": 0,
      "afkTime": -1,
      "limit": 271,
      "afkReason": ""
    },
    "120363322410341588@newsletter": {
      "hitcmd": 0,
      "bits": 0,
      "afkTime": -1,
      "limit": 271,
      "afkReason": ""
    },
    "94773378348@s.whatsapp.net": {
      "hitcmd": 0,
      "bits": 0,
      "afkTime": -1,
      "limit": 271,
      "afkReason": "",
      "pc": 1740901550549
    },
    "94705305795@s.whatsapp.net": {
      "hitcmd": 0,
      "bits": 0,
      "afkTime": -1,
      "limit": 271,
      "afkReason": "",
      "pc": 1740901603683
    },
    "94759874797@s.whatsapp.net": {
      "hitcmd": 0,
      "bits": 0,
      "afkTime": -1,
      "limit": 271,
      "afkReason": "",
      "pc": 1740901746553
    },
    "120363378220259003@newsletter": {
      "hitcmd": 0,
      "bits": 0,
      "afkTime": -1,
      "limit": 271,
      "afkReason": "",
      "pc": 1740901792990
    },
    "94773006430@s.whatsapp.net": {
      "hitcmd": 0,
      "bits": 0,
      "afkTime": -1,
      "limit": 271,
      "afkReason": "",
      "pc": 1740901870911
    },
    "94789758481@s.whatsapp.net": {
      "hitcmd": 0,
      "bits": 0,
      "afkTime": -1,
      "limit": 271,
      "afkReason": ""
    },
    "94742806156@s.whatsapp.net": {
      "hitcmd": 0,
      "bits": 0,
      "afkTime": -1,
      "limit": 271,
      "afkReason": ""
    },
    "120363343196447945@newsletter": {
      "hitcmd": 0,
      "bits": 0,
      "afkTime": -1,
      "limit": 271,
      "afkReason": ""
    },
    "120363306168354073@newsletter": {
      "hitcmd": 0,
      "bits": 0,
      "afkTime": -1,
      "limit": 271,
      "afkReason": ""
    },
    "94702048530@s.whatsapp.net": {
      "hitcmd": 0,
      "bits": 0,
      "afkTime": -1,
      "limit": 271,
      "afkReason": "",
      "pc": 1740902433111
    },
    "48699541942@s.whatsapp.net": {
      "hitcmd": 0,
      "bits": 0,
      "afkTime": -1,
      "limit": 271,
      "afkReason": ""
    },
    "94785759153@s.whatsapp.net": {
      "hitcmd": 0,
      "bits": 0,
      "afkTime": -1,
      "limit": 271,
      "afkReason": ""
    },
    "6283822021601@s.whatsapp.net": {
      "hitcmd": 0,
      "bits": 0,
      "afkTime": -1,
      "limit": 271,
      "afkReason": ""
    },
    "94702319469@s.whatsapp.net": {
      "hitcmd": 0,
      "bits": 0,
      "afkTime": -1,
      "limit": 271,
      "afkReason": ""
    },
    "94707441304@s.whatsapp.net": {
      "hitcmd": 0,
      "bits": 0,
      "afkTime": -1,
      "limit": 271,
      "afkReason": ""
    },
    "120363299719848392@newsletter": {
      "hitcmd": 1,
      "bits": 0,
      "afkTime": -1,
      "limit": 271,
      "afkReason": ""
    },
    "94718461889@s.whatsapp.net": {
      "hitcmd": 0,
      "bits": 0,
      "afkTime": -1,
      "limit": 271,
      "afkReason": ""
    },
    "94760224138@s.whatsapp.net": {
      "hitcmd": 0,
      "bits": 0,
      "afkTime": -1,
      "limit": 271,
      "afkReason": ""
    },
    "120363303704019818@newsletter": {
      "hitcmd": 0,
      "bits": 0,
      "afkTime": -1,
      "limit": 271,
      "afkReason": ""
    },
    "94772797288@s.whatsapp.net": {
      "hitcmd": 2,
      "bits": 0,
      "afkTime": -1,
      "limit": 271,
      "afkReason": ""
    },
    "120363331011992599@newsletter": {
      "hitcmd": 0,
      "bits": 0,
      "afkTime": -1,
      "limit": 271,
      "afkReason": ""
    },
    "94767168790@s.whatsapp.net": {
      "hitcmd": 0,
      "bits": 0,
      "afkTime": -1,
      "limit": 271,
      "afkReason": ""
    },
    "94788491364@s.whatsapp.net": {
      "hitcmd": 0,
      "bits": 0,
      "afkTime": -1,
      "limit": 271,
      "afkReason": ""
    },
    "120363366004352545@newsletter": {
      "hitcmd": 0,
      "bits": 0,
      "afkTime": -1,
      "limit": 271,
      "afkReason": ""
    },
    "94718778686@s.whatsapp.net": {
      "hitcmd": 0,
      "bits": 0,
      "afkTime": -1,
      "limit": 271,
      "afkReason": ""
    },
    "94713017897@s.whatsapp.net": {
      "hitcmd": 0,
      "bits": 0,
      "afkTime": -1,
      "limit": 271,
      "afkReason": ""
    },
    "94719392040@s.whatsapp.net": {
      "hitcmd": 0,
      "bits": 0,
      "afkTime": -1,
      "limit": 271,
      "afkReason": ""
    },
    "94702611695@s.whatsapp.net": {
      "hitcmd": 0,
      "bits": 0,
      "afkTime": -1,
      "limit": 271,
      "afkReason": ""
    },
    "94779633737@s.whatsapp.net": {
      "hitcmd": 0,
      "bits": 0,
      "afkTime": -1,
      "limit": 271,
      "afkReason": ""
    },
    "94742306343@s.whatsapp.net": {
      "hitcmd": 0,
      "bits": 0,
      "afkTime": -1,
      "limit": 271,
      "afkReason": ""
    },
    "94760663483@s.whatsapp.net": {
      "hitcmd": 0,
      "bits": 0,
      "afkTime": -1,
      "limit": 271,
      "afkReason": ""
    },
    "94704932651@s.whatsapp.net": {
      "hitcmd": 0,
      "bits": 0,
      "afkTime": -1,
      "limit": 271,
      "afkReason": ""
    },
    "94704563317@s.whatsapp.net": {
      "hitcmd": 0,
      "bits": 0,
      "afkTime": -1,
      "limit": 271,
      "afkReason": ""
    },
    "120363314182963253@newsletter": {
      "hitcmd": 0,
      "bits": 0,
      "afkTime": -1,
      "limit": 271,
      "afkReason": ""
    },
    "94773553998@s.whatsapp.net": {
      "hitcmd": 0,
      "bits": 0,
      "afkTime": -1,
      "limit": 271,
      "afkReason": ""
    },
    "94786526198@s.whatsapp.net": {
      "hitcmd": 0,
      "bits": 0,
      "afkTime": -1,
      "limit": 271,
      "afkReason": ""
    },
    "94703583021@s.whatsapp.net": {
      "hitcmd": 0,
      "bits": 0,
      "afkTime": -1,
      "limit": 271,
      "afkReason": ""
    },
    "94768498707@s.whatsapp.net": {
      "hitcmd": 0,
      "bits": 0,
      "afkTime": -1,
      "limit": 271,
      "afkReason": ""
    },
    "94764204499@s.whatsapp.net": {
      "hitcmd": 0,
      "bits": 0,
      "afkTime": -1,
      "limit": 271,
      "afkReason": ""
    },
    "94710330080@s.whatsapp.net": {
      "hitcmd": 0,
      "bits": 0,
      "afkTime": -1,
      "limit": 271,
      "afkReason": ""
    },
    "120363354150425407@newsletter": {
      "hitcmd": 0,
      "bits": 0,
      "afkTime": -1,
      "limit": 271,
      "afkReason": ""
    },
    "94769766348@s.whatsapp.net": {
      "hitcmd": 0,
      "bits": 0,
      "afkTime": -1,
      "limit": 271,
      "afkReason": ""
    },
    "120363326642079198@newsletter": {
      "hitcmd": 0,
      "bits": 0,
      "afkTime": -1,
      "limit": 271,
      "afkReason": ""
    },
    "120363283003327224@newsletter": {
      "hitcmd": 0,
      "bits": 0,
      "afkTime": -1,
      "limit": 271,
      "afkReason": ""
    },
    "120363333519565664@newsletter": {
      "hitcmd": 0,
      "bits": 0,
      "afkTime": -1,
      "limit": 271,
      "afkReason": ""
    },
    "94742195461@s.whatsapp.net": {
      "hitcmd": 0,
      "bits": 0,
      "afkTime": -1,
      "limit": 271,
      "afkReason": ""
    },
    "94786554240@s.whatsapp.net": {
      "hitcmd": 0,
      "bits": 0,
      "afkTime": -1,
      "limit": 271,
      "afkReason": ""
    },
    "120363199257221654@newsletter": {
      "hitcmd": 0,
      "bits": 0,
      "afkTime": -1,
      "limit": 271,
      "afkReason": ""
    },
    "94765870514@s.whatsapp.net": {
      "hitcmd": 0,
      "bits": 0,
      "afkTime": -1,
      "limit": 271,
      "afkReason": ""
    },
    "94727786760@s.whatsapp.net": {
      "hitcmd": 0,
      "bits": 0,
      "afkTime": -1,
      "limit": 271,
      "afkReason": ""
    },
    "94779469306@s.whatsapp.net": {
      "hitcmd": 0,
      "bits": 0,
      "afkTime": -1,
      "limit": 271,
      "afkReason": ""
    },
    "120363186130999681@newsletter": {
      "hitcmd": 0,
      "bits": 0,
      "afkTime": -1,
      "limit": 271,
      "afkReason": ""
    },
    "94704189467@s.whatsapp.net": {
      "hitcmd": 2,
      "bits": 0,
      "afkTime": -1,
      "limit": 271,
      "afkReason": ""
    },
    "94727319036@s.whatsapp.net": {
      "hitcmd": 0,
      "bits": 0,
      "afkTime": -1,
      "limit": 271,
      "afkReason": ""
    },
    "94773176089@s.whatsapp.net": {
      "hitcmd": 1,
      "bits": 0,
      "afkTime": -1,
      "limit": 271,
      "afkReason": ""
    },
    "120363364330631981@newsletter": {
      "hitcmd": 0,
      "bits": 0,
      "afkTime": -1,
      "limit": 271,
      "afkReason": ""
    },
    "94710450435@s.whatsapp.net": {
      "hitcmd": 0,
      "bits": 0,
      "afkTime": -1,
      "limit": 271,
      "afkReason": ""
    },
    "94753686350@s.whatsapp.net": {
      "hitcmd": 1,
      "bits": 0,
      "afkTime": -1,
      "limit": 271,
      "afkReason": ""
    },
    "94768754090@s.whatsapp.net": {
      "hitcmd": 1,
      "bits": 0,
      "afkTime": -1,
      "limit": 271,
      "afkReason": ""
    },
    "94775309753@s.whatsapp.net": {
      "hitcmd": 0,
      "bits": 0,
      "afkTime": -1,
      "limit": 271,
      "afkReason": ""
    },
    "94740742576@s.whatsapp.net": {
      "hitcmd": 1,
      "bits": 0,
      "afkTime": -1,
      "limit": 271,
      "afkReason": ""
    },
    "8801781429390@s.whatsapp.net": {
      "hitcmd": 55,
      "bits": 0,
      "afkTime": -1,
      "limit": 271,
      "afkReason": ""
    },
    "447427846660@s.whatsapp.net": {
      "hitcmd": 24,
      "bits": 0,
      "afkTime": -1,
      "limit": 271,
      "afkReason": ""
    },
    "120363420138621838@newsletter": {
      "hitcmd": 0,
      "bits": 0,
      "afkTime": -1,
      "limit": 271,
      "afkReason": ""
    },
    "120363420733100152@newsletter": {
      "hitcmd": 0,
      "bits": 0,
      "afkTime": -1,
      "limit": 271,
      "afkReason": ""
    },
    "120363418869078994@newsletter": {
      "hitcmd": 0,
      "bits": 0,
      "afkTime": -1,
      "limit": 271,
      "afkReason": ""
    },
    "120363380979480451@newsletter": {
      "hitcmd": 0,
      "bits": 0,
      "afkTime": -1,
      "limit": 271,
      "afkReason": ""
    }
  },
  "chats": {
    "6283117190495@s.whatsapp.net": {
      "isBanned": false,
      "lastchat": "6283117190495@s.whatsapp.net"
    },
    "6283817070522@s.whatsapp.net": {
      "isBanned": false
    },
    "6289531639634@s.whatsapp.net": {
      "isBanned": false
    },
    "6285179836603@s.whatsapp.net": {
      "isBanned": false
    },
    "13135550002@s.whatsapp.net": {
      "isBanned": false
    },
    "6285658939117@s.whatsapp.net": {
      "isBanned": false
    },
    "6281351692548@s.whatsapp.net": {
      "isBanned": false
    },
    "status@broadcast": {
      "isBanned": false
    },
    "6285262399975@s.whatsapp.net": {
      "isBanned": false
    },
    "6283123448708@s.whatsapp.net": {
      "isBanned": false
    },
    "6283182029456@s.whatsapp.net": {
      "isBanned": false
    },
    "6282150423514-1621097980@g.us": {
      "isBanned": false
    },
    "120363372888012399@g.us": {
      "isBanned": false
    },
    "120363315289814216@g.us": {
      "isBanned": false
    },
    "120363390475743270@newsletter": {
      "isBanned": false
    },
    "120363372640206518@g.us": {
      "isBanned": false,
      "mute": false
    },
    "120363372991117133@g.us": {
      "isBanned": false,
      "mute": false
    },
    "6281262889770@s.whatsapp.net": {
      "isBanned": false,
      "mute": false
    },
    "6289604810003@s.whatsapp.net": {
      "isBanned": false,
      "mute": false
    },
    "120363373798818502@g.us": {
      "isBanned": false,
      "mute": false
    },
    "6282174694014@s.whatsapp.net": {
      "isBanned": false,
      "mute": false
    },
    "120363376187287513@newsletter": {
      "isBanned": false,
      "mute": false
    },
    "94764497078@s.whatsapp.net": {
      "isBanned": false,
      "mute": false
    },
    "120363409388714282@g.us": {
      "isBanned": false,
      "mute": false
    },
    "94772797288@s.whatsapp.net": {
      "isBanned": false,
      "mute": false
    },
    "120363389136535159@g.us": {
      "isBanned": false,
      "mute": false
    },
    "120363160167502011@newsletter": {
      "isBanned": false,
      "mute": false
    },
    "120363285813931317@newsletter": {
      "isBanned": false,
      "mute": false
    },
    "120363398453636721@newsletter": {
      "isBanned": false,
      "mute": false
    },
    "120363183696686259@newsletter": {
      "isBanned": false,
      "mute": false
    },
    "120363290448968237@newsletter": {
      "isBanned": false,
      "mute": false
    },
    "120363364118513292@newsletter": {
      "isBanned": false,
      "mute": false
    },
    "120363363009408737@newsletter": {
      "isBanned": false,
      "mute": false
    },
    "120363383930362320@newsletter": {
      "isBanned": false,
      "mute": false
    },
    "94759874797@s.whatsapp.net": {
      "isBanned": false,
      "mute": false
    },
    "120363322410341588@newsletter": {
      "isBanned": false,
      "mute": false
    },
    "120363378220259003@newsletter": {
      "isBanned": false,
      "mute": false
    },
    "120363343196447945@newsletter": {
      "isBanned": false,
      "mute": false
    },
    "120363306168354073@newsletter": {
      "isBanned": false,
      "mute": false
    },
    "94768844616@s.whatsapp.net": {
      "isBanned": false,
      "mute": false
    },
    "94702048530@s.whatsapp.net": {
      "isBanned": false,
      "mute": false
    },
    "94741841262@s.whatsapp.net": {
      "isBanned": false,
      "mute": false
    },
    "120363366508703152@g.us": {
      "isBanned": false,
      "mute": false
    },
    "120363355067666111@g.us": {
      "isBanned": false,
      "mute": false
    },
    "120363393428848004@g.us": {
      "isBanned": false,
      "mute": false
    },
    "120363299719848392@newsletter": {
      "isBanned": false,
      "mute": false
    },
    "120363303704019818@newsletter": {
      "isBanned": false,
      "mute": false
    },
    "120363331011992599@newsletter": {
      "isBanned": false,
      "mute": false
    },
    "120363366004352545@newsletter": {
      "isBanned": false,
      "mute": false
    },
    "120363352759188625@g.us": {
      "isBanned": false,
      "mute": false
    },
    "120363314182963253@newsletter": {
      "isBanned": false,
      "mute": false
    },
    "120363391695803031@g.us": {
      "isBanned": false,
      "mute": false
    },
    "120363354150425407@newsletter": {
      "isBanned": false,
      "mute": false
    },
    "120363326642079198@newsletter": {
      "isBanned": false,
      "mute": false
    },
    "120363283003327224@newsletter": {
      "isBanned": false,
      "mute": false
    },
    "120363333519565664@newsletter": {
      "isBanned": false,
      "mute": false
    },
    "120363199257221654@newsletter": {
      "isBanned": false,
      "mute": false
    },
    "120363186130999681@newsletter": {
      "isBanned": false,
      "mute": false
    },
    "120363027392311631@g.us": {
      "isBanned": false,
      "mute": false
    },
    "120363364330631981@newsletter": {
      "isBanned": false,
      "mute": false
    },
    "120363387267399815@g.us": {
      "isBanned": false,
      "mute": false
    },
    "120363388266413085@g.us": {
      "isBanned": false,
      "mute": false
    },
    "8801781429390@s.whatsapp.net": {
      "isBanned": false,
      "mute": false
    },
    "447427846660@s.whatsapp.net": {
      "isBanned": false,
      "mute": false
    },
    "120363420138621838@newsletter": {
      "isBanned": false,
      "mute": false
    },
    "120363420733100152@newsletter": {
      "isBanned": false,
      "mute": false
    },
    "120363418869078994@newsletter": {
      "isBanned": false,
      "mute": false
    },
    "120363380979480451@newsletter": {
      "isBanned": false,
      "mute": false
    }
  },
  "game": {
    "tebaklagu": [],
    "kuismath": [],
    "tebakgambar": [],
    "tebakkata": [],
    "tebakkalimat": [],
    "tebaklirik": [],
    "tebaktebakan": [],
    "tebakbendera": [],
    "tebakbendera2": [],
    "tebakkimia": [],
    "tebakasahotak": [],
    "tebaksiapakahaku": [],
    "tebaksusunkata": [],
    "tebaktekateki": [],
    "lontong": [],
    "lontong_desk": []
  },
  "database": {},
  "settings": {
    "6283117190495@s.whatsapp.net": {
      "autoread": false,
      "public": true,
      "restart": false,
      "setkota": "Jakarta"
    },
    "94764497078@s.whatsapp.net": {
      "autoread": false,
      "public": true,
      "setkota": "Makkasar",
      "onlypc": false,
      "onlygc": true
    },
    "94772797288@s.whatsapp.net": {
      "autoread": false,
      "public": true,
      "setkota": "Makkasar",
      "onlypc": false,
      "onlygc": false
    },
    "8801781429390@s.whatsapp.net": {
      "autoread": false,
      "public": true,
      "setkota": "Makkasar",
      "onlypc": false,
      "onlygc": false
    }
  },
  "setting": {},
  "others": {},
  "sticker": {}
}